,nation,class,tier,prem,name,players,total battles,battles,win,draw,lose,exp,damagecaused,warshipdestroyed,aircraftdestoryed,basecapture,basedefense,survived,kill /death,agrodamage,spotdamage,hitratio
,CW,CA,6,P,Perth,3627,18097,4.99,52.46,0.07,47.48,1185,29780,0.68,2.14,10.26,7.09,28.08,0.95,490718,10634,35.42
0,CW,DD,3,P,Vampire,1578,6582,4.17,63.17,0.03,36.8,982,25919,1.26,1.48,25.54,9.9,39.43,2.08,236761,5910,47.75
1,CW,DD,7,P,Haida,5050,25899,5.13,51.77,0.06,48.17,1356,24312,0.65,0.95,28.4,6.08,27.5,0.9,383091,17688,43.05
2,EU,BB,5,P,Viribus Unitis,1775,9510,5.36,52.87,0.07,47.06,1194,42637,0.93,0.1,4.39,5.34,37.47,1.49,606534,8570,27.48
3,EU,CA,1,,Gryf,21625,55964,2.59,47.95,0.55,51.51,495,6564,0.96,0.0,1.49,5.89,28.21,1.34,68625,1062,34.77
4,EU,DD,2,,Tatra,15188,40952,2.7,47.8,0.43,51.77,509,10300,0.61,0.0,7.08,5.78,24.47,0.81,152712,2389,40.61
5,EU,DD,3,,Romulus,13282,61375,4.62,49.8,0.35,49.86,621,13866,0.6,0.56,13.35,5.61,20.71,0.76,203444,4722,44.03
6,EU,DD,4,,Klas Horn,9291,55528,5.98,49.52,0.28,50.2,646,16161,0.59,1.17,14.76,4.75,18.15,0.72,233731,6213,43.87
7,EU,DD,5,,Visby,22404,182431,8.14,49.9,0.06,50.05,963,16954,0.53,1.84,18.28,5.64,23.22,0.69,302176,13515,44.92
8,EU,DD,6,,Vaesteras,19943,228877,11.48,50.86,0.05,49.09,1199,21730,0.6,1.52,21.07,6.73,27.02,0.82,357370,16899,45.05
9,EU,DD,7,,Skane,13502,230305,17.06,50.86,0.03,49.1,1395,26694,0.63,2.29,24.52,6.89,31.15,0.92,361438,21947,42.43
10,EU,DD,7,P,Blyskawica,8557,63308,7.4,47.69,0.03,52.28,1056,21694,0.51,0.69,20.12,5.5,19.86,0.64,391456,14458,42.0
11,EU,DD,8,,Oeland,9064,218089,24.06,50.51,0.02,49.47,1625,31097,0.66,4.45,28.95,6.24,32.38,0.98,415573,27684,42.78
12,EU,DD,8,P,Orkan,1737,22929,13.2,50.5,0.03,49.47,1636,28683,0.63,1.56,27.99,8.12,29.47,0.89,485375,25211,41.01
13,EU,DD,9,,Oestergoetland,6737,206358,30.63,50.77,0.02,49.21,1710,43001,0.77,3.03,33.2,6.72,39.03,1.26,454874,35228,41.87
14,EU,DD,9,,Friesland,5807,96940,16.69,50.33,0.02,49.65,1748,46566,0.72,3.59,31.89,7.93,31.09,1.04,506902,21771,39.37
15,EU,DD,10,,Halland,5709,226053,39.6,51.21,0.02,48.78,1785,49556,0.74,5.58,32.28,5.78,39.02,1.21,496787,43854,39.57
16,EU,DD,10,,Smaland,1341,38379,28.62,53.5,0.02,46.48,1863,45668,0.8,5.05,35.13,8.04,36.2,1.25,631559,41422,39.64
17,IT,BB,5,P,Giulio Cesare,8988,67642,7.53,58.99,0.05,40.96,1382,55216,1.24,3.06,6.13,6.34,46.58,2.32,766806,10388,29.84
18,IT,BB,8,P,Roma,4415,32391,7.34,51.04,0.02,48.95,1556,57281,0.73,3.69,4.61,4.05,34.78,1.12,1198642,16957,30.72
19,IT,CA,1,,Eritrea,7470,12697,1.7,49.79,0.5,49.71,635,8006,1.36,0.0,2.54,7.95,34.42,2.07,84705,981,37.42
20,IT,CA,2,,Nino Bixio,8464,19302,2.28,49.63,0.45,49.92,621,15734,0.81,0.0,4.17,8.6,26.23,1.1,177565,2001,38.58
21,IT,CA,3,,Taranto,9203,32610,3.54,49.74,0.35,49.91,688,18629,0.75,0.07,6.88,6.6,21.06,0.95,286540,3789,38.3
22,IT,CA,4,,Alberto di Giussano,9249,48188,5.21,51.73,0.41,47.86,790,22159,0.78,4.36,6.62,6.33,21.09,0.99,357691,5116,36.38
23,IT,CA,5,,Raimondo Montecuccoli,12692,90730,7.15,51.04,0.07,48.89,984,23389,0.58,2.62,6.38,5.61,23.88,0.76,477275,8752,32.27
24,IT,CA,5,P,Genova,1976,7176,3.63,51.9,0.06,48.05,1044,23749,0.58,1.29,4.65,4.61,19.4,0.72,445750,8068,32.66
25,IT,CA,6,,Trento,12179,104799,8.6,50.01,0.05,49.94,1146,31228,0.63,2.27,5.1,5.55,24.66,0.84,551401,8658,30.98
26,IT,CA,6,P,Duca d'Aosta,1975,9034,4.57,49.38,0.06,50.56,1166,26526,0.57,1.95,5.55,6.67,23.74,0.75,596975,10725,32.41
27,IT,CA,7,,Zara,9116,106575,11.69,51.39,0.03,48.58,1398,40354,0.7,1.63,6.46,6.99,33.51,1.05,622203,11166,35.05
28,IT,CA,7,P,Duca degli Abruzzi,2792,10417,3.73,49.56,0.03,50.41,1266,30860,0.58,1.29,5.99,6.76,28.27,0.81,658961,11847,31.99
29,IT,CA,7,P,Gorizia,3458,15360,4.44,52.37,0.05,47.58,1439,41181,0.73,1.24,7.05,7.72,35.83,1.14,659194,12365,36.07
30,IT,CA,8,,Amalfi,7419,123321,16.62,51.4,0.03,48.57,1575,46644,0.68,3.1,7.62,6.8,33.37,1.02,737198,14131,37.54
31,IT,CA,9,,Brindisi,4953,109545,22.12,50.32,0.02,49.67,1654,61675,0.74,1.84,6.82,6.96,40.1,1.24,840513,16604,37.08
32,IT,CA,10,,Venezia,8413,167975,19.97,52.57,0.02,47.4,2029,89708,0.92,3.4,7.14,7.15,52.52,1.94,1146444,22920,36.88
33,JP,BB,2,P,Mikasa,1858,7026,3.78,57.84,0.03,42.13,609,16273,0.91,0.0,4.41,6.48,41.46,1.55,339281,3008,28.7
34,JP,BB,3,,Kawachi,13505,61297,4.54,48.51,0.26,51.23,754,27153,1.03,0.03,6.56,10.13,36.41,1.62,377982,2989,28.77
35,JP,BB,4,,Myogi,13204,85462,6.47,47.63,0.29,52.08,809,31668,0.83,2.05,5.14,7.98,34.41,1.27,517412,4071,28.09
36,JP,BB,4,P,Ishizuchi,10280,46488,4.52,49.19,0.21,50.6,790,34075,0.92,0.23,4.93,7.7,32.23,1.36,501445,4003,24.96
37,JP,BB,5,,Kongo,18717,174215,9.31,48.47,0.06,51.47,953,30549,0.56,2.29,2.93,3.65,34.42,0.85,742163,8566,21.78
38,JP,BB,5,P,ARP Haruna,1988,7135,3.59,54.35,0.04,45.61,1108,43139,0.87,2.75,4.47,4.43,40.04,1.45,818510,9675,25.75
39,JP,BB,5,P,ARP Hiei,3357,13305,3.96,53.95,0.08,45.97,1093,42311,0.84,2.66,3.98,4.36,37.01,1.33,811355,9543,25.58
40,JP,BB,5,P,ARP Kirishima,2349,8309,3.54,54.8,0.07,45.13,1096,42476,0.87,2.67,3.96,4.31,39.07,1.43,778730,9503,25.13
41,JP,BB,5,P,ARP Kongo,4550,17474,3.84,55.33,0.04,44.63,1114,43165,0.87,2.67,4.1,4.56,38.86,1.42,808690,9604,25.77
42,JP,BB,6,,Fuso,15779,180264,11.42,49.65,0.06,50.29,1162,41789,0.7,2.03,2.45,4.37,38.39,1.14,849806,8886,19.86
43,JP,BB,6,P,Mutsu,4421,18454,4.17,51.11,0.07,48.82,1305,45552,0.76,1.6,3.06,3.6,31.24,1.11,830876,9632,24.27
44,JP,BB,7,,Nagato,12774,165233,12.94,48.32,0.03,51.65,1252,45663,0.63,1.54,2.43,3.67,35.04,0.97,850497,10495,23.91
45,JP,BB,7,P,Ashitaka,5418,20423,3.77,48.29,0.03,51.68,1121,44464,0.62,0.56,2.51,3.29,30.42,0.89,810434,9891,22.41
46,JP,BB,8,,Amagi,10058,170275,16.93,48.88,0.04,51.09,1377,53340,0.66,3.1,2.95,3.97,36.93,1.05,1122202,14362,24.71
47,JP,BB,8,P,Ignis Purgatio,784,3669,4.68,50.29,0.03,49.69,1501,54666,0.68,3.14,3.73,3.78,34.42,1.04,1157469,16008,26.81
48,JP,BB,8,P,Kii,3157,26660,8.44,49.53,0.04,50.43,1472,52884,0.68,4.8,2.93,3.55,34.07,1.03,1148275,14833,23.82
49,JP,BB,8,P,Ragnarok,683,3375,4.94,48.56,0.0,51.44,1488,53541,0.66,3.3,3.48,3.87,34.46,1.01,1178608,15972,26.82
50,JP,BB,9,,Izumo,6161,143291,23.26,46.88,0.01,53.11,1436,60035,0.6,1.31,2.64,3.94,33.46,0.9,1247844,17114,28.17
51,JP,BB,9,P,Musashi,8976,105299,11.73,55.64,0.01,44.35,1746,92497,1.02,1.22,3.84,4.19,44.11,1.83,1397588,18413,28.14
52,JP,BB,10,P,Shikishima,402,7880,19.6,58.67,0.04,41.29,2185,118687,1.08,3.48,3.35,4.04,46.43,2.02,1632110,23906,32.89
53,JP,BB,10,,Yamato,18419,322591,17.51,49.43,0.02,50.56,1817,84418,0.73,2.39,2.56,3.43,37.82,1.17,1472128,19715,27.84
54,JP,CA,1,,Hashidate,16803,38368,2.28,44.9,1.27,53.83,763,12111,2.19,0.0,3.03,13.28,39.87,3.64,89651,490,48.2
55,JP,CA,2,,Chikuma,22584,61453,2.72,48.41,1.04,50.55,682,18343,1.08,0.0,3.66,10.37,32.27,1.59,210263,1492,50.03
56,JP,CA,3,,Tenryu,18552,77950,4.2,47.83,0.85,51.32,749,22140,0.94,0.03,6.24,7.37,22.17,1.21,236298,2725,41.32
57,JP,CA,3,P,Katori,1484,3951,2.66,55.0,0.03,44.98,788,24246,0.93,1.65,5.45,9.12,30.14,1.33,272411,3715,40.3
58,JP,CA,4,,Kuma,13203,94824,7.18,50.14,0.78,49.09,768,23826,0.84,1.14,6.04,6.86,20.59,1.06,315064,4180,34.75
59,JP,CA,4,P,Iwaki Alpha,186,826,4.44,65.86,0.0,34.14,1115,40326,1.51,1.32,14.58,7.33,34.14,2.29,306881,6005,50.44
60,JP,CA,4,P,Yubari,5697,25406,4.46,52.84,0.22,46.93,823,22162,0.81,5.1,7.58,7.02,23.14,1.05,317775,5080,40.91
61,JP,CA,5,,Furutaka,15708,137882,8.78,50.13,0.07,49.8,933,19430,0.47,1.16,4.37,3.92,19.79,0.59,492921,8893,34.88
62,JP,CA,5,P,Yahagi,1521,5817,3.82,54.24,0.12,45.64,1070,26784,0.7,2.11,6.08,6.3,26.53,0.95,437429,9369,30.68
63,JP,CA,6,,Aoba,11923,111701,9.37,49.12,0.05,50.82,1118,26219,0.53,1.74,4.82,4.78,23.49,0.69,555061,9857,34.47
64,JP,CA,7,,Myoko,9380,113480,12.1,49.15,0.03,50.82,1246,35401,0.59,1.69,4.44,5.17,27.03,0.81,605515,10968,32.04
65,JP,CA,7,P,ARP Ashigara,1184,4993,4.22,49.87,0.04,50.09,1208,38502,0.66,1.88,4.78,5.47,27.68,0.91,620743,11166,32.97
66,JP,CA,7,P,ARP Haguro,1467,7108,4.85,50.24,0.04,49.72,1128,37330,0.64,1.86,4.8,5.41,28.64,0.9,610733,11040,32.64
67,JP,CA,7,P,ARP Myoko,2816,13735,4.88,52.49,0.03,47.48,1359,43350,0.76,1.93,5.4,5.75,32.3,1.12,625500,11717,34.0
68,JP,CA,7,P,ARP Nachi,1260,5095,4.04,51.48,0.02,48.5,1196,37884,0.65,1.91,5.48,5.53,28.79,0.91,619060,11451,33.06
69,JP,CA,7,P,Eastern Dragon,138,385,2.79,52.99,0.0,47.01,1451,41934,0.8,1.89,5.14,5.41,27.27,1.1,628532,11548,34.42
70,JP,CA,7,P,Southern Dragon,944,3499,3.71,50.93,0.06,49.01,1259,39149,0.7,2.0,5.11,5.75,27.92,0.97,620909,11341,33.66
71,JP,CA,8,,Mogami,9499,138298,14.56,49.37,0.03,50.6,1409,41969,0.6,2.08,5.66,5.86,28.54,0.84,633939,13396,32.03
72,JP,CA,8,P,ARP Takao,4136,32626,7.89,53.21,0.02,46.77,1501,47633,0.72,2.72,7.66,6.25,36.92,1.14,788984,16999,36.79
73,JP,CA,8,P,Atago,10549,90088,8.54,50.04,0.04,49.92,1420,40723,0.59,2.36,6.04,5.23,32.48,0.87,750179,15582,35.22
74,JP,CA,8,P,Atago B,1280,10467,8.18,53.35,0.02,46.63,1577,47532,0.72,2.61,7.63,6.19,38.09,1.16,788020,17166,36.95
75,JP,CA,9,,Ibuki,5614,97903,17.44,48.07,0.02,51.92,1462,52816,0.61,1.57,5.97,6.14,37.27,0.97,777972,16850,32.63
76,JP,CA,9,,Azuma,2975,37909,12.74,51.07,0.02,48.91,1608,72415,0.75,1.8,3.99,5.59,44.65,1.36,966250,16075,31.9
77,JP,CA,10,P,Yoshino,6829,100094,14.66,48.67,0.02,51.31,1566,74546,0.65,2.92,3.65,4.86,41.04,1.1,1106119,18997,29.86
78,JP,CA,10,,Zao,11249,169376,15.06,48.78,0.02,51.2,1640,71033,0.71,2.66,5.66,6.09,40.14,1.19,927508,21704,35.54
79,JP,CV,4,,Hosho,17703,185602,10.48,51.48,0.12,48.4,781,33696,0.89,3.17,1.72,12.42,61.62,2.32,125320,11860,0.0
80,JP,CV,4,,Hosho (old),21,683,32.52,57.69,1.32,41.0,880,49470,1.15,11.23,0.49,2.01,66.62,3.45,40458,9048,0.0
81,JP,CV,5,,Zuiho (old),18,524,29.11,47.9,1.15,50.95,870,44989,1.0,9.08,0.44,2.21,54.96,2.22,91889,16481,0.0
82,JP,CV,6,,Ryujo,11897,160278,13.47,51.8,0.08,48.12,1263,41175,0.83,3.62,0.7,12.27,71.1,2.87,120464,25955,0.0
83,JP,CV,6,,Ryujo (old),14,397,28.36,54.91,0.25,44.84,1132,39694,0.84,13.01,0.82,3.41,75.06,3.37,80839,32189,0.0
84,JP,CV,7,,Hiryu (old),7,241,34.43,57.26,0.0,42.74,1596,68545,1.4,17.16,0.97,5.35,78.84,6.62,96742,40388,0.0
85,JP,CV,7,P,Kaga (old),3,276,92.0,49.28,0.0,50.72,1364,60758,1.34,13.11,0.32,4.73,72.83,4.93,157616,51886,0.0
86,JP,CV,8,,Shokaku,6639,128751,19.39,50.75,0.04,49.21,1598,56538,0.91,4.0,0.7,11.74,74.65,3.59,190806,41819,0.0
87,JP,CV,8,,Shokaku (old),4,276,69.0,53.99,0.0,46.01,1564,65503,1.11,19.06,0.1,5.17,80.07,5.57,99471,58885,0.0
88,JP,CV,8,P,Kaga,5593,50561,9.04,50.02,0.02,49.96,1577,58075,0.78,3.55,0.44,11.22,71.45,2.73,196707,42625,0.0
89,JP,CV,9,,Taiho (old),4,185,46.25,49.73,0.0,50.27,1555,99616,1.4,13.46,0.58,7.33,79.46,6.82,238085,88055,0.0
90,JP,CV,10,,Hakuryu,4567,81880,17.93,51.63,0.02,48.35,1765,86361,1.01,4.95,0.66,10.15,76.25,4.25,281401,71325,0.0
91,JP,CV,10,,Hakuryu (old),2,50,25.0,42.0,0.0,58.0,1783,117601,1.7,12.68,0.28,10.24,74.0,6.54,299078,112662,0.0
92,JP,DD,2,,Umikaze,13767,39816,2.89,50.25,1.17,48.58,644,18079,1.12,0.0,6.34,5.45,29.77,1.59,168228,2268,45.98
93,JP,DD,2,P,Tachibana,694,1687,2.43,57.56,0.18,42.26,754,14179,0.97,0.0,11.66,7.3,34.56,1.48,143938,3252,39.92
94,JP,DD,2,P,Tachibana Lima,1602,4563,2.85,53.65,0.18,46.18,723,13788,0.9,0.0,10.36,6.73,30.22,1.29,147174,3027,40.18
95,JP,DD,3,,Wakatake,15396,60975,3.96,47.92,1.38,50.69,684,17608,0.75,0.06,10.05,3.24,18.75,0.92,195378,3692,48.45
96,JP,DD,4,,Isokaze,19664,143495,7.3,48.38,1.08,50.53,686,19007,0.73,0.29,13.06,2.68,19.59,0.91,220624,5749,40.12
97,JP,DD,5,,Minekaze,9176,76396,8.33,50.28,0.07,49.65,904,18627,0.58,0.12,21.66,3.37,23.62,0.76,260618,13132,45.17
98,JP,DD,5,,Mutsuki,13184,121204,9.19,47.91,0.06,52.03,835,16833,0.5,0.91,18.8,2.23,23.37,0.65,251864,12671,43.15
99,JP,DD,5,P,Fujin,1123,13459,11.98,62.1,0.01,37.89,1396,39715,1.32,0.02,32.46,4.21,41.03,2.24,243215,17309,49.13
100,JP,DD,5,P,Kamikaze,1419,15894,11.2,61.45,0.09,38.45,1362,38370,1.27,0.02,31.49,4.33,42.18,2.2,247303,17656,47.91
101,JP,DD,5,P,Kamikaze R,2077,28439,13.69,60.53,0.04,39.43,1330,38088,1.24,0.02,31.34,4.12,37.97,2.0,244341,16861,49.29
102,JP,DD,6,,Fubuki,12754,141522,11.1,47.9,0.05,52.04,979,20322,0.55,1.03,18.4,3.08,22.46,0.71,279975,14141,41.17
103,JP,DD,6,,Hatsuharu,7189,60282,8.39,50.21,0.04,49.74,1128,22613,0.62,1.64,23.57,4.75,26.39,0.84,312228,15463,45.82
104,JP,DD,6,,Mutsuki (old),9,336,37.33,47.32,1.19,51.49,1016,19863,0.52,0.22,7.15,1.08,33.93,0.79,83021,4866,41.05
105,JP,DD,6,P,Shinonome,4181,19717,4.72,54.76,0.02,45.22,1297,30402,0.91,0.03,27.43,5.51,29.98,1.3,293122,17322,49.01
106,JP,DD,7,,Akatsuki,12054,168018,13.94,48.78,0.03,51.18,1151,25176,0.61,1.01,22.42,3.83,24.12,0.8,314849,16936,42.0
107,JP,DD,7,,Hatsuharu (old),4,181,45.25,44.75,1.66,53.59,989,17001,0.48,0.26,3.65,1.02,37.02,0.76,67553,2742,36.94
108,JP,DD,7,,Shiratsuyu,6947,75516,10.87,51.26,0.02,48.72,1318,28748,0.71,0.55,27.07,5.06,29.72,1.01,324640,20985,45.61
109,JP,DD,7,P,Yudachi,3446,16096,4.67,49.33,0.02,50.65,1250,26159,0.54,0.14,21.76,4.04,30.27,0.77,325875,19038,42.11
110,JP,DD,8,,Akizuki,7749,108257,13.97,51.44,0.03,48.53,1645,40889,0.78,3.21,24.9,7.27,27.93,1.08,450631,19119,41.22
111,JP,DD,8,,Fubuki (old),2,351,175.5,49.57,2.85,47.58,1286,26988,0.52,0.14,4.86,0.56,35.9,0.81,34253,3459,37.75
112,JP,DD,8,,Kagero,9349,140840,15.06,48.35,0.03,51.62,1322,28896,0.61,0.65,26.64,3.67,26.78,0.83,340348,24579,45.46
113,JP,DD,8,P,AL Yukikaze,526,4251,8.08,54.2,0.0,45.8,1749,41219,0.99,0.89,37.36,5.15,37.21,1.58,370745,29065,48.57
114,JP,DD,8,P,Asashio,4226,77325,18.3,51.73,0.03,48.24,1572,50923,0.74,0.08,25.09,3.81,38.84,1.21,343389,27825,43.59
115,JP,DD,8,P,Asashio B,1547,19498,12.6,53.48,0.02,46.51,1646,54718,0.81,0.09,27.87,4.47,40.42,1.36,351986,29125,45.62
116,JP,DD,8,P,HSF Harekaze,2380,15438,6.49,51.7,0.01,48.3,1551,32329,0.72,1.93,30.53,5.9,29.37,1.02,361534,24875,46.22
117,JP,DD,9,,Kagero (old),2,314,157.0,51.59,2.23,46.18,1240,26586,0.56,0.12,9.8,0.28,50.64,1.13,125476,13199,40.75
118,JP,DD,9,,Kitakaze,7899,131159,16.6,51.8,0.02,48.19,1698,50329,0.86,1.78,29.33,7.57,31.3,1.25,477986,24579,41.13
119,JP,DD,9,,Yugumo,6940,135075,19.46,47.44,0.02,52.54,1377,36384,0.68,0.72,28.53,4.29,28.86,0.96,371646,29293,42.7
120,JP,DD,10,,Harugumo,8777,96856,11.04,49.24,0.01,50.75,1573,49266,0.68,2.54,24.42,5.87,25.76,0.92,554831,25789,36.67
121,JP,DD,10,,Hayate,499,6764,13.56,54.21,0.01,45.77,1819,52980,0.88,2.03,33.18,6.99,35.3,1.36,532079,37611,43.6
122,JP,DD,10,,Shimakaze,15057,361535,24.01,49.16,0.02,50.83,1472,42313,0.65,0.97,29.54,3.41,31.68,0.95,423204,38531,42.82
123,KM,BB,3,,Nassau,19309,102302,5.3,52.41,0.21,47.38,733,32522,1.23,0.07,6.93,12.74,41.58,2.11,417913,3166,33.01
124,KM,BB,3,P,Koenig Albert,1053,3502,3.33,59.05,0.06,40.89,888,35673,1.3,0.16,7.26,8.57,44.2,2.33,497080,4728,31.52
125,KM,BB,4,,Kaiser,18067,136972,7.58,50.88,0.24,48.88,810,36915,1.04,5.03,5.95,10.03,39.91,1.73,547577,4171,30.14
126,KM,BB,5,,Koenig,21143,237313,11.22,49.09,0.06,50.85,935,32735,0.64,2.35,3.48,4.61,35.87,1.0,730307,9443,24.65
127,KM,BB,6,,Bayern,16957,222967,13.15,49.17,0.06,50.78,1121,37544,0.65,2.47,3.58,4.14,35.36,1.01,847164,10573,26.14
128,KM,BB,6,P,Prinz Eitel Friedrich,6797,29362,4.32,55.42,0.05,44.54,1379,47890,0.95,4.51,5.15,5.38,34.95,1.46,973064,11928,31.6
129,KM,BB,7,,Gneisenau,17415,286331,16.44,49.63,0.04,50.33,1225,41190,0.64,3.45,3.78,3.54,29.81,0.91,993501,12871,28.09
130,KM,BB,7,P,Scharnhorst,19732,153805,7.79,51.22,0.03,48.75,1349,45565,0.74,2.48,4.12,4.98,31.13,1.07,985050,12727,27.68
131,KM,BB,7,P,Scharnhorst B,2737,19422,7.1,52.09,0.06,47.85,1518,49842,0.82,2.66,4.66,5.11,30.23,1.18,1020841,13090,29.15
132,KM,BB,8,,Bismarck,23846,438090,18.37,49.29,0.02,50.69,1376,51165,0.65,3.98,3.52,4.83,29.19,0.92,1159673,14959,27.69
133,KM,BB,8,P,Odin,2472,20381,8.24,51.3,0.04,48.66,1662,58582,0.81,4.89,5.01,5.72,30.81,1.17,1148140,17525,31.88
134,KM,BB,8,P,Tirpitz,20144,218999,10.87,49.03,0.03,50.94,1405,50601,0.66,3.28,3.3,4.49,27.44,0.91,1141331,14301,26.86
135,KM,BB,8,P,Tirpitz B,2223,21734,9.78,51.79,0.03,48.18,1535,56451,0.77,3.56,3.97,5.02,28.89,1.08,1177860,14848,28.02
136,KM,BB,9,,Friedrich der Grosse,11159,219900,19.71,47.9,0.02,52.08,1376,58655,0.64,2.0,3.15,4.56,29.38,0.91,1305727,18167,28.33
137,KM,BB,10,,Grosser Kurfuerst,18358,341897,18.62,49.94,0.02,50.04,1620,75241,0.73,3.18,3.01,4.01,29.28,1.03,1686482,22738,27.5
138,KM,CA,1,,Hermelin,22155,74179,3.35,50.1,1.18,48.72,843,12106,2.15,0.0,2.6,12.11,43.07,3.78,90294,510,42.99
139,KM,CA,2,,Dresden,25685,87736,3.42,49.94,0.89,49.17,683,19764,1.22,0.0,3.73,11.77,35.58,1.89,213874,1455,41.58
140,KM,CA,2,P,Emden,1642,6066,3.69,55.32,0.35,44.33,736,18581,1.09,0.0,4.59,11.67,38.43,1.77,223257,2051,35.34
141,KM,CA,3,,Kolberg,21593,90955,4.21,46.69,0.84,52.47,707,19362,0.83,0.0,6.1,9.42,23.01,1.08,265393,2748,37.92
142,KM,CA,4,,Karlsruhe,14640,91887,6.28,47.76,0.82,51.43,758,19430,0.69,0.23,5.73,7.12,19.59,0.86,310238,3997,36.25
143,KM,CA,5,,Koenigsberg,17521,181265,10.35,49.51,0.07,50.41,946,22182,0.52,1.05,3.55,4.9,18.91,0.64,414961,7215,26.86
144,KM,CA,6,,Nuernberg,15587,172228,11.05,48.21,0.06,51.72,1074,27056,0.51,1.6,3.52,5.58,21.98,0.65,470545,7893,25.9
145,KM,CA,6,P,Admiral Graf Spee,20442,105302,5.15,52.1,0.05,47.86,1105,29913,0.6,2.55,4.83,4.4,29.34,0.85,715234,11117,30.27
146,KM,CA,6,P,HSF Admiral Graf Spee,3001,13036,4.34,53.95,0.03,46.02,1203,34348,0.73,2.94,5.73,4.83,31.81,1.07,741082,11725,31.88
147,KM,CA,7,,Yorck,11362,136490,12.01,48.65,0.03,51.32,1271,33234,0.54,1.83,4.1,5.26,26.3,0.73,603975,10511,31.82
148,KM,CA,8,,Admiral Hipper,10119,142646,14.1,47.82,0.02,52.16,1363,36348,0.47,3.06,4.39,5.56,26.71,0.64,734558,12929,32.95
149,KM,CA,8,P,Mainz,4362,77438,17.75,52.88,0.03,47.09,1665,55215,0.75,3.82,4.62,7.32,32.62,1.11,725253,12083,29.07
150,KM,CA,8,P,Prinz Eugen,9948,56629,5.69,48.93,0.04,51.03,1328,35820,0.5,3.74,4.69,5.25,28.95,0.7,871788,14109,33.89
151,KM,CA,9,,Roon,6184,104702,16.93,48.03,0.01,51.96,1430,52173,0.55,1.52,4.48,6.8,37.77,0.88,913445,16660,32.88
152,KM,CA,9,,Aegir,2785,29376,10.55,51.82,0.01,48.17,1629,62875,0.74,2.5,5.49,5.03,33.38,1.11,1144426,20667,36.36
153,KM,CA,9,P,Siegfried,496,7942,16.01,57.81,0.0,42.19,1897,80234,1.01,2.51,6.04,5.84,39.11,1.66,1206635,24487,43.95
154,KM,CA,10,,Hindenburg,12572,194085,15.44,49.39,0.02,50.59,1745,75820,0.69,2.78,4.59,6.64,39.01,1.13,1143983,19817,31.02
155,KM,CV,8,P,Graf Zeppelin (old),3,41,13.67,58.54,0.0,41.46,1412,81907,1.1,11.29,0.0,2.15,82.93,6.44,262069,82287,0.0
156,KM,CV,8,P,Graf Zeppelin,4608,52512,11.4,49.5,0.03,50.46,1527,52369,0.77,4.67,1.02,9.95,60.23,1.94,328423,42280,0.0
157,KM,CV,8,P,Graf Zeppelin B,1471,12187,8.28,51.47,0.06,48.47,1615,54814,0.84,4.72,1.16,10.83,60.49,2.13,326564,43338,0.0
158,KM,DD,2,,V-25,11863,60266,5.08,52.3,0.94,46.76,640,18362,1.23,0.0,8.19,6.48,31.44,1.79,164957,2400,42.11
159,KM,DD,3,,G-101,10513,52172,4.96,48.4,1.21,50.39,663,17601,0.83,0.02,9.29,4.23,18.1,1.01,209991,3551,39.53
160,KM,DD,4,,V-170,9212,69016,7.49,49.24,0.86,49.9,636,18637,0.75,0.12,13.33,3.39,17.5,0.91,239043,5677,40.32
161,KM,DD,5,,T-22,9076,74968,8.26,47.21,0.05,52.74,838,13861,0.44,1.46,15.02,3.52,16.53,0.53,263282,11170,38.74
162,KM,DD,6,,Ernst Gaede,7207,59596,8.27,49.23,0.03,50.74,996,18830,0.54,1.05,18.26,4.13,19.85,0.67,364861,13004,43.77
163,KM,DD,6,P,T-61,6234,34557,5.54,55.94,0.04,44.03,1408,31153,0.92,1.28,26.59,6.18,31.34,1.34,346531,17568,46.18
164,KM,DD,7,,Leberecht Maass,4841,45565,9.41,50.01,0.04,49.94,1190,23006,0.58,1.03,23.09,5.01,22.25,0.75,402272,16431,43.58
165,KM,DD,7,P,Z-39,7201,29082,4.04,51.35,0.02,48.62,1308,26139,0.64,1.48,24.53,5.2,27.86,0.89,427765,18884,46.79
166,KM,DD,8,,Z-23,4338,49674,11.45,48.14,0.04,51.82,1337,25685,0.53,1.39,27.95,4.98,23.28,0.69,446759,21702,46.87
167,KM,DD,9,,Z-46,2751,44092,16.03,48.53,0.01,51.46,1469,34373,0.64,1.23,32.11,6.37,26.81,0.87,465258,27053,46.01
168,KM,DD,10,,Z-52,5014,55652,11.1,48.98,0.02,51.0,1572,34588,0.56,2.52,35.19,5.81,25.79,0.75,514350,35126,45.11
169,MN,BB,3,,Turenne,5854,23038,3.94,50.46,0.15,49.39,689,27143,0.91,0.03,5.99,8.44,37.18,1.45,433585,3793,30.04
170,MN,BB,4,,Courbet,5431,30729,5.66,48.12,0.19,51.68,756,32713,0.85,2.31,4.68,7.38,33.02,1.27,516625,4232,25.9
171,MN,BB,5,,Bretagne,7014,55296,7.88,48.42,0.06,51.51,975,34288,0.67,2.22,3.08,4.59,33.6,1.01,656802,8244,25.08
172,MN,BB,6,,Normandie,7182,69618,9.69,51.23,0.05,48.72,1139,45345,0.82,1.07,3.93,5.12,37.32,1.31,881525,10339,25.19
173,MN,BB,6,P,Dunkerque,10638,63884,6.01,51.16,0.05,48.79,1150,43630,0.75,2.72,4.15,4.1,30.1,1.07,876909,10083,27.81
174,MN,BB,7,,Lyon,8401,101141,12.04,50.82,0.03,49.15,1290,51750,0.82,3.08,3.47,5.07,37.88,1.32,902901,11741,24.28
175,MN,BB,8,,Richelieu,6942,101063,14.56,50.64,0.02,49.34,1442,59105,0.74,4.38,4.44,4.53,30.47,1.06,1208310,14760,29.99
176,MN,BB,8,P,Champagne,67,214,3.19,54.67,0.0,45.33,1952,84216,0.96,2.4,3.13,6.85,50.93,1.96,1002916,15257,35.78
177,MN,BB,8,P,Gascogne,2205,15026,6.81,50.29,0.03,49.67,1509,56895,0.71,3.82,3.81,4.8,34.59,1.09,1200896,15507,28.35
178,MN,BB,9,,Alsace,5931,105688,17.82,49.16,0.02,50.82,1440,69152,0.78,2.46,4.05,5.27,31.11,1.13,1328658,18895,28.28
179,MN,BB,9,P,Jean Bart,11613,244361,21.04,52.8,0.01,47.19,1768,84011,0.97,2.97,4.96,5.21,33.47,1.46,1321458,17322,32.62
180,MN,BB,10,P,Bourgogne,1368,20931,15.3,58.43,0.01,41.56,2202,114923,1.16,3.87,4.42,5.3,44.68,2.1,1546409,23702,29.3
181,MN,BB,10,,Republique,8476,115498,13.63,49.36,0.02,50.63,1642,85816,0.8,3.08,2.75,4.36,35.4,1.24,1530190,19507,27.77
182,MN,CA,1,,Bougainville,3409,6334,1.86,55.38,0.76,43.86,841,10809,1.93,0.0,2.12,8.85,42.0,3.33,78441,675,44.41
183,MN,CA,2,,Jurien de la Graviere,6223,15038,2.42,51.9,0.51,47.59,666,18726,1.07,0.0,4.29,10.55,35.03,1.65,215994,1930,40.44
184,MN,CA,3,,Friant,8010,33457,4.18,50.6,0.41,48.99,693,21819,0.91,0.37,5.71,6.95,22.37,1.17,279406,3127,34.34
185,MN,CA,4,,Duguay-Trouin,6403,36837,5.75,51.36,0.43,48.22,737,23826,0.8,1.66,5.17,6.61,20.42,1.01,356578,4250,32.97
186,MN,CA,5,,emile Bertin,8417,65224,7.75,51.3,0.06,48.63,939,23101,0.56,2.17,5.12,5.51,20.92,0.71,497827,8625,31.39
187,MN,CA,6,,La Galissonniere,7724,62793,8.13,49.88,0.07,50.06,1078,28760,0.58,2.29,4.39,5.96,21.89,0.74,540608,8530,29.75
188,MN,CA,6,P,De Grasse,3924,18851,4.8,50.73,0.06,49.21,1185,31360,0.66,2.43,4.98,6.58,23.82,0.87,574331,9133,29.21
189,MN,CA,7,,Algerie,6449,56526,8.77,49.2,0.04,50.77,1223,36976,0.57,1.74,4.19,6.05,26.83,0.78,615826,10345,30.33
190,MN,CA,8,,Charles Martel,5458,64010,11.73,50.18,0.03,49.79,1436,47249,0.62,2.75,5.41,6.15,28.39,0.87,706282,13089,32.72
191,MN,CA,8,P,Bayard,4260,28178,6.61,51.28,0.03,48.69,1580,48717,0.68,3.37,5.6,6.57,29.05,0.96,671418,12194,29.2
192,MN,CA,9,,Saint-Louis,3158,45207,14.32,48.47,0.02,51.52,1458,56809,0.62,1.73,5.08,6.39,33.41,0.93,848942,15498,32.32
193,MN,CA,10,P,Colbert,1170,22747,19.44,51.02,0.01,48.97,1816,72622,0.83,4.0,8.27,7.31,41.57,1.42,924031,17513,24.42
194,MN,CA,10,,Henri IV,5681,53340,9.39,48.88,0.01,51.11,1694,75412,0.7,2.73,4.4,5.75,37.75,1.12,1222932,20264,31.87
195,MN,DD,2,,Enseigne Gabolde,3105,7542,2.43,51.86,0.52,47.63,657,15762,0.99,0.0,8.06,6.73,28.32,1.38,167720,2543,44.09
196,MN,DD,3,,Fusilier,3419,13066,3.82,52.64,0.43,46.93,717,18136,0.8,0.02,12.41,6.66,21.42,1.02,228357,4504,44.29
197,MN,DD,4,,Bourrasque,3225,17447,5.41,52.39,0.49,47.12,746,21361,0.84,0.22,13.69,6.0,21.59,1.07,277936,6191,42.74
198,MN,DD,5,,Jaguar,5007,30649,6.12,51.28,0.04,48.68,956,21480,0.68,0.21,14.81,5.71,22.16,0.87,359761,12369,39.35
199,MN,DD,5,P,Siroco,1047,3376,3.22,51.69,0.03,48.28,1045,21076,0.69,0.11,17.33,5.63,24.53,0.91,344738,13534,42.9
200,MN,DD,6,,Guepard,5611,36193,6.45,51.12,0.04,48.84,1134,23896,0.67,0.55,15.13,5.93,20.9,0.85,424818,13780,38.85
201,MN,DD,6,P,Aigle,6946,40709,5.86,50.03,0.05,49.91,1009,21942,0.58,0.53,17.9,4.78,22.26,0.75,379724,12410,38.64
202,MN,DD,7,,Vauquelin,4137,36933,8.93,52.05,0.03,47.92,1357,27737,0.72,0.46,20.63,6.61,23.23,0.94,460480,18247,39.95
203,MN,DD,8,,Le Fantasque,3242,43045,13.28,51.11,0.03,48.86,1548,32694,0.7,1.66,24.29,6.44,23.17,0.91,538023,22875,45.32
204,MN,DD,8,P,Le Terrible,2327,15724,6.76,50.6,0.04,49.36,1469,30861,0.67,0.46,21.17,5.65,22.69,0.87,558051,21994,44.02
205,MN,DD,9,,Mogador,2642,46677,17.67,50.9,0.01,49.09,1611,43826,0.79,1.01,25.02,7.46,26.57,1.08,657962,26526,44.04
206,MN,DD,10,,Kleber,3867,44072,11.4,52.56,0.03,47.41,1731,52252,0.79,2.26,23.75,7.03,29.89,1.13,823901,33496,41.52
207,MN,DD,10,P,Marceau,1636,34228,20.92,53.62,0.01,46.36,1755,51134,0.82,4.44,28.64,7.57,32.75,1.22,798360,36299,35.1
208,PA,BB,9,P,Bajie,856,5868,6.86,52.39,0.02,47.6,1735,76346,0.83,1.74,3.18,4.21,38.91,1.36,1299227,18540,30.32
209,PA,CA,1,,Chengan,2405,5958,2.48,54.16,0.64,45.2,700,9076,1.59,0.0,4.23,9.95,43.22,2.8,78011,1073,41.62
210,PA,CA,6,P,Huanghe,3879,20148,5.19,52.04,0.07,47.89,1215,28710,0.66,4.4,10.53,7.14,27.25,0.91,456198,9630,38.88
211,PA,CA,8,P,Irian,2138,20279,9.49,51.3,0.02,48.68,1534,49302,0.69,3.46,4.57,6.29,29.3,0.98,665608,11962,29.27
212,PA,CA,8,P,Wukong,369,1478,4.01,50.74,0.14,49.12,1451,43023,0.58,2.62,4.93,5.33,26.05,0.78,687878,12428,31.3
213,PA,DD,2,,Longjiang,4217,15347,3.64,50.48,0.72,48.8,638,15920,0.91,0.0,8.27,6.93,32.63,1.35,159770,2672,43.03
214,PA,DD,3,,Phra Ruang,4160,15587,3.75,49.2,0.65,50.14,664,17547,0.72,0.5,14.34,4.44,24.13,0.95,208351,4845,44.47
215,PA,DD,4,,Shenyang,4353,27791,6.38,53.0,0.47,46.53,761,24343,0.91,0.81,17.43,5.31,24.26,1.2,237505,6244,47.56
216,PA,DD,5,,Jianwei,4625,30440,6.58,49.14,0.06,50.8,879,18012,0.53,0.27,18.16,4.43,20.0,0.66,291178,11401,40.97
217,PA,DD,6,,Fushun,3652,27825,7.62,50.32,0.05,49.63,1078,22501,0.6,1.19,20.95,4.99,24.91,0.8,336267,14065,47.0
218,PA,DD,6,P,Anshan,5736,27394,4.78,49.26,0.06,50.68,989,18613,0.53,1.34,18.75,4.8,22.59,0.68,356704,13124,44.09
219,PA,DD,7,,Gadjah Mada,3620,32901,9.09,52.21,0.04,47.75,1326,29105,0.7,0.8,26.53,5.95,27.96,0.97,364363,18434,42.39
220,PA,DD,8,,Hsienyang,2407,28322,11.77,48.53,0.04,51.43,1415,28333,0.55,2.28,28.25,5.95,26.29,0.75,425109,23505,42.14
221,PA,DD,8,P,Loyang,5999,29692,4.95,47.32,0.02,52.66,1311,21014,0.46,2.16,27.85,4.67,22.24,0.59,416597,20733,40.52
222,PA,DD,8,P,Siliwangi,507,2491,4.91,49.9,0.08,50.02,1508,31023,0.61,1.21,30.14,5.24,27.7,0.84,405862,23367,46.55
223,PA,DD,9,,Chung Mu,1998,31328,15.68,50.49,0.03,49.48,1588,43497,0.75,1.37,33.76,6.51,32.54,1.11,435778,30656,41.85
224,PA,DD,10,,Yueyang,2926,32623,11.15,49.68,0.01,50.31,1661,44974,0.61,1.94,33.21,5.78,32.23,0.9,515284,38329,40.36
225,PM,CA,7,P,Nueve de Julio,1207,5402,4.48,51.31,0.02,48.67,1386,36320,0.66,2.6,6.05,6.77,31.84,0.97,662313,11490,31.12
226,RN,BB,3,,Bellerophon,8362,37171,4.45,50.31,0.2,49.49,708,29121,0.97,0.58,5.44,8.92,37.97,1.56,411039,3433,29.31
227,RN,BB,3,P,Dreadnought,1664,5330,3.2,53.11,0.06,46.83,822,30978,1.05,0.0,5.54,7.74,37.62,1.68,435278,4096,30.12
228,RN,BB,4,,Orion,8747,62260,7.12,53.01,0.15,46.84,824,40140,1.12,6.29,5.44,7.74,40.84,1.89,519455,4287,25.89
229,RN,BB,5,,Iron Duke,10477,90413,8.63,49.56,0.07,50.37,994,37070,0.73,2.57,3.22,4.72,37.01,1.16,706304,8881,23.42
230,RN,BB,6,,Queen Elizabeth,8944,86744,9.7,48.65,0.05,51.3,1135,40922,0.67,3.59,3.37,4.25,36.02,1.05,822234,10007,26.69
231,RN,BB,6,P,Warspite,8136,47233,5.81,51.53,0.05,48.43,1323,45055,0.81,2.5,3.87,4.52,37.26,1.29,839071,10896,28.75
232,RN,BB,7,,King George V,9041,108476,12.0,50.8,0.04,49.17,1346,53349,0.75,2.14,3.7,5.11,37.7,1.2,886184,12193,25.22
233,RN,BB,7,P,Duke of York,9822,38774,3.95,47.32,0.03,52.65,1157,41351,0.59,3.14,3.21,3.95,32.04,0.87,871589,11285,24.81
234,RN,BB,7,P,Hood,5695,24719,4.34,51.41,0.06,48.53,1319,46147,0.71,2.91,3.63,4.04,34.6,1.09,1035708,12831,28.22
235,RN,BB,7,,Nelson,6963,49747,7.14,54.78,0.04,45.18,1500,60974,0.91,2.11,4.4,4.85,36.31,1.43,1016970,12269,28.95
236,RN,BB,8,,Monarch,5873,83979,14.3,48.09,0.03,51.88,1438,54411,0.62,3.31,3.82,4.7,34.26,0.94,1033002,14929,27.4
237,RN,BB,8,P,Vanguard,2502,17978,7.19,49.02,0.03,50.95,1495,54205,0.66,4.23,3.42,4.72,39.8,1.1,1112539,14050,28.63
238,RN,BB,9,,Lion,3779,68618,18.16,47.57,0.02,52.41,1409,67779,0.64,1.9,3.83,4.54,39.83,1.06,1234618,18429,27.65
239,RN,BB,10,,Conqueror,7374,112060,15.2,50.23,0.02,49.75,1714,98385,0.75,2.55,3.06,4.57,46.02,1.39,1499309,20402,24.77
240,RN,BB,10,P,Thunderer,10229,199522,19.51,50.14,0.02,49.84,1809,99277,0.81,2.89,2.84,4.43,44.35,1.46,1367273,19322,29.06
241,RN,CA,1,,Black Swan,6745,25130,3.73,52.07,0.72,47.21,677,8826,1.47,0.0,2.24,8.69,38.54,2.39,77560,889,41.61
242,RN,CA,2,,Weymouth,9955,25045,2.52,52.53,0.7,46.77,685,19477,1.14,0.0,4.35,10.64,35.29,1.76,234379,1894,41.51
243,RN,CA,3,,Caledon,10701,42970,4.02,50.08,0.6,49.32,717,21744,0.95,0.45,6.66,6.7,23.37,1.24,271804,3336,38.21
244,RN,CA,4,,Danae,10095,62337,6.18,50.28,0.49,49.23,770,20607,0.81,2.63,6.99,5.75,19.3,1.0,305512,4494,33.87
245,RN,CA,5,,Emerald,8337,64862,7.78,49.16,0.07,50.77,918,18769,0.55,1.34,7.11,5.07,20.07,0.69,416894,8131,32.44
246,RN,CA,5,,Hawkins,12460,81707,6.56,48.78,0.06,51.16,850,18868,0.45,2.38,4.51,4.78,20.18,0.56,480711,8167,31.86
247,RN,CA,5,P,Exeter,4020,19388,4.82,54.24,0.05,45.71,1077,26808,0.69,3.15,6.65,5.68,27.61,0.95,539122,9733,36.36
248,RN,CA,6,,Devonshire,11090,99123,8.94,50.76,0.06,49.19,1134,30686,0.63,2.91,5.31,5.55,23.5,0.82,558153,9209,34.7
249,RN,CA,6,,Leander,9596,85687,8.93,52.24,0.06,47.69,1198,30551,0.76,2.86,10.46,6.74,29.25,1.07,538303,10092,36.23
250,RN,CA,6,P,London,4521,21370,4.73,51.6,0.05,48.35,1222,32075,0.66,2.51,7.83,6.11,25.6,0.89,532284,8771,38.22
251,RN,CA,7,,Fiji,11077,115596,10.44,51.4,0.03,48.56,1352,38164,0.76,2.27,9.54,7.06,31.02,1.1,563492,10161,32.52
252,RN,CA,7,,Surrey,6579,80913,12.3,51.01,0.04,48.96,1348,39190,0.67,2.37,6.08,6.61,30.74,0.97,642380,12443,34.1
253,RN,CA,7,P,Belfast,3707,21563,5.82,56.96,0.03,43.0,1706,47876,0.93,3.03,11.51,10.74,38.28,1.51,514282,11342,34.84
254,RN,CA,8,,Albemarle,4901,79456,16.21,50.72,0.03,49.24,1501,44359,0.63,4.11,6.58,6.07,29.34,0.89,765000,14534,34.03
255,RN,CA,8,,Edinburgh,8309,98811,11.89,49.89,0.03,50.08,1400,37402,0.61,3.48,9.97,6.96,30.65,0.88,683608,13234,33.61
256,RN,CA,8,P,Cheshire,762,6999,9.19,50.88,0.03,49.09,1553,42535,0.6,5.61,6.3,5.65,28.92,0.84,776214,13791,35.86
257,RN,CA,9,,Drake,3104,69171,22.28,51.81,0.01,48.17,1657,64226,0.72,1.98,7.26,6.3,38.52,1.17,1005654,19072,35.63
258,RN,CA,9,,Neptune,5883,93456,15.89,47.88,0.02,52.1,1406,48658,0.66,2.69,7.96,6.35,29.06,0.93,667779,12641,28.26
259,RN,CA,10,,Goliath,2880,39165,13.6,51.57,0.02,48.41,1847,80225,0.75,3.39,6.04,5.71,41.3,1.28,1338532,22263,33.61
260,RN,CA,10,,Minotaur,11749,169213,14.4,50.28,0.02,49.7,1687,62935,0.83,4.13,11.76,6.94,34.3,1.26,818081,18287,28.46
261,RN,CV,4,,Hermes,8770,73145,8.34,50.3,0.13,49.58,719,25966,0.74,3.06,1.48,14.57,59.1,1.81,188627,11855,0.0
262,RN,CV,6,,Furious,6730,72551,10.78,51.5,0.07,48.43,1256,39572,0.75,4.35,0.66,13.79,66.06,2.21,179851,24863,0.0
263,RN,CV,6,P,Ark Royal,4154,21751,5.24,51.42,0.05,48.53,1317,34916,0.75,4.16,0.61,12.25,61.98,1.97,204856,23872,0.0
264,RN,CV,8,,Implacable,4001,57408,14.35,48.9,0.05,51.05,1544,50251,0.75,4.45,0.62,12.86,71.16,2.6,246108,41430,0.0
265,RN,CV,8,P,Indomitable,1068,15301,14.33,51.26,0.05,48.68,1809,64033,0.86,4.72,0.61,19.1,73.7,3.27,211112,40648,0.0
266,RN,CV,10,,Audacious,2151,30217,14.05,51.17,0.02,48.82,1761,81817,0.97,4.34,0.49,14.24,74.15,3.75,288667,71107,0.0
267,RN,DD,2,,Medea,5829,15118,2.59,51.55,0.78,47.67,658,17278,1.13,0.0,7.57,6.32,30.61,1.63,171553,2460,46.6
268,RN,DD,3,,Valkyrie,6773,29068,4.29,52.08,0.96,46.96,737,20436,0.96,0.06,13.1,6.04,23.54,1.26,228619,4079,47.71
269,RN,DD,3,P,Campbeltown,2352,10318,4.39,48.63,0.59,50.78,649,14745,0.64,0.08,12.38,3.44,17.77,0.78,197774,4363,44.51
270,RN,DD,4,,Wakeful,7580,49059,6.47,48.86,1.09,50.06,682,18413,0.74,0.3,14.05,4.47,17.84,0.9,244499,5435,45.5
271,RN,DD,5,,Acasta,6118,40701,6.65,49.25,0.05,50.7,899,16156,0.55,0.34,19.31,5.04,20.58,0.69,297716,11660,40.78
272,RN,DD,6,,Icarus,5634,41444,7.36,51.16,0.06,48.78,1115,20656,0.64,0.4,24.9,5.72,25.47,0.86,338668,15163,42.64
273,RN,DD,6,P,Gallant,4767,16884,3.54,47.71,0.06,52.23,913,17630,0.51,0.04,19.52,3.98,20.89,0.64,307700,13522,39.87
274,RN,DD,7,,Jervis,5834,47419,8.13,52.33,0.04,47.64,1362,26366,0.74,0.64,28.66,6.53,27.23,1.02,402915,18632,42.56
275,RN,DD,8,,Lightning,5395,71895,13.33,51.51,0.01,48.48,1563,31586,0.73,1.38,33.24,7.02,29.66,1.04,433683,23950,45.16
276,RN,DD,8,P,Cossack,4382,29317,6.69,53.81,0.02,46.17,1693,34119,0.77,0.44,35.37,7.69,34.17,1.17,438515,25392,42.87
277,RN,DD,9,,Jutland,3853,63744,16.54,51.79,0.01,48.2,1662,39793,0.8,1.31,37.43,8.19,36.88,1.27,520649,30821,44.77
278,RN,DD,10,,Daring,5908,67749,11.47,53.3,0.02,46.69,1738,47720,0.81,1.87,37.78,7.73,36.5,1.28,631501,37423,41.43
279,SN,BB,3,,Knyaz Suvorov,10751,44958,4.18,52.33,0.16,47.51,733,30512,1.06,0.25,5.98,8.09,37.17,1.69,407891,3661,31.7
280,SN,BB,4,,Gangut,9765,60417,6.19,51.0,0.16,48.85,818,37410,1.06,1.26,5.87,7.16,34.22,1.61,538191,4646,29.98
281,SN,BB,4,P,Imperator Nikolai I,1201,3956,3.29,63.32,0.1,36.58,1084,52505,1.47,0.15,6.17,6.16,41.08,2.49,586784,5759,31.3
282,SN,BB,5,,Pyotr Velikiy,12887,124497,9.66,50.18,0.07,49.75,1037,37613,0.77,2.55,4.05,4.11,31.27,1.12,724358,9247,30.33
283,SN,BB,5,P,Oktyabrskaya Revolutsiya,9091,61179,6.73,51.85,0.05,48.1,1065,41912,0.87,3.18,4.41,5.39,40.91,1.47,759326,9346,25.69
284,SN,BB,6,,Izmail,11924,137644,11.54,51.38,0.05,48.57,1263,46829,0.89,3.56,3.66,3.94,32.21,1.31,822950,9879,28.77
285,SN,BB,7,,Sinop,12796,155476,12.15,52.34,0.04,47.62,1435,54121,0.9,2.99,4.45,3.77,34.07,1.37,1010942,12996,30.15
286,SN,BB,7,P,Poltava,728,4560,6.26,51.71,0.04,48.25,1513,51417,0.79,3.22,4.33,4.72,33.31,1.18,968300,12725,29.67
287,SN,BB,8,,Vladivostok,9251,154178,16.67,51.69,0.02,48.29,1569,58115,0.81,4.08,4.89,3.86,33.96,1.23,1281514,16837,32.79
288,SN,BB,8,P,Lenin,8462,68033,8.04,52.43,0.03,47.54,1676,59431,0.84,4.47,4.58,3.57,31.15,1.22,1228988,15943,32.29
289,SN,BB,9,,Sovetsky Soyuz,5593,116520,20.83,50.33,0.02,49.65,1577,67511,0.78,1.96,4.34,3.82,33.72,1.18,1409332,19394,33.57
290,SN,BB,10,,Kremlin,10537,149254,14.16,51.73,0.01,48.26,1776,80805,0.82,3.91,4.0,3.41,35.25,1.27,1808424,23540,32.87
291,SN,CA,1,,Orlan,5526,30892,5.59,53.27,0.79,45.94,616,8289,1.34,0.0,2.11,9.93,44.69,2.42,81510,973,31.27
292,SN,CA,2,,Novik,9673,22395,2.32,49.71,0.75,49.54,716,17612,1.03,0.0,4.3,10.09,31.28,1.5,201076,1843,41.08
293,SN,CA,2,P,Diana,795,2328,2.93,52.06,0.34,47.59,667,16656,0.93,0.0,3.41,10.55,34.49,1.42,209532,1841,37.03
294,SN,CA,2,P,Diana Lima,2825,8030,2.84,51.71,0.45,47.85,754,19719,1.2,0.0,3.79,10.64,35.02,1.85,213934,1648,42.72
295,SN,CA,3,,Bogatyr,12326,50303,4.08,51.4,0.49,48.11,731,22807,0.91,0.0,6.1,9.75,27.1,1.25,276708,3220,36.61
296,SN,CA,3,P,Aurora,725,2053,2.83,52.02,0.24,47.74,760,20802,0.81,0.13,5.01,8.01,25.04,1.08,268568,3803,34.0
297,SN,CA,3,P,Oleg,176,406,2.31,54.68,0.25,45.07,774,23828,0.88,0.0,5.94,7.46,28.33,1.23,334216,4558,35.11
298,SN,CA,3,P,Varyag,1154,3182,2.76,54.31,0.63,45.07,752,22941,0.89,0.0,6.53,9.42,27.69,1.23,306000,3634,36.04
299,SN,CA,4,,Svietlana,9823,61564,6.27,50.45,0.4,49.15,797,21513,0.75,0.54,6.68,7.69,20.11,0.94,328125,4611,37.09
300,SN,CA,5,,Kirov (old),12876,98919,7.68,50.05,0.06,49.89,1048,24270,0.54,2.02,3.57,4.82,18.78,0.66,440128,6720,28.63
301,SN,CA,5,,Kotovsky,1830,10538,5.76,49.49,0.04,50.47,886,20823,0.45,0.95,3.69,5.65,17.69,0.55,402794,7685,32.28
302,SN,CA,5,P,Kirov,7016,22537,3.21,51.4,0.05,48.56,890,27278,0.57,0.81,3.64,5.21,19.1,0.7,443157,7457,30.77
303,SN,CA,5,P,Krasny Krym,1254,5482,4.37,51.97,0.07,47.96,1033,23738,0.55,1.89,4.53,6.92,24.21,0.73,474444,7997,29.58
304,SN,CA,5,P,Mikoyan,17203,134162,7.8,49.92,0.07,50.01,948,22370,0.52,1.15,4.41,5.52,18.03,0.63,403969,7318,31.3
305,SN,CA,5,P,Murmansk,3737,18924,5.06,53.09,0.1,46.81,1085,28329,0.68,1.96,4.85,6.8,24.46,0.9,463816,8202,29.07
306,SN,CA,6,,Budyonny,11914,125693,10.55,50.11,0.05,49.83,1207,31731,0.64,2.17,4.29,6.68,24.87,0.85,520635,8346,29.37
307,SN,CA,6,P,Admiral Makarov,586,2831,4.83,49.59,0.11,50.3,1266,34727,0.64,2.29,3.69,7.67,28.08,0.89,489228,8818,28.37
308,SN,CA,6,P,Molotov,8050,31967,3.97,48.99,0.07,50.94,1090,29549,0.55,1.69,3.66,5.39,21.24,0.7,489031,8160,31.93
309,SN,CA,7,,Shchors,10830,144901,13.38,49.68,0.03,50.29,1458,39280,0.65,1.41,4.07,7.1,26.02,0.88,534153,9322,28.43
310,SN,CA,7,P,Lazo,3847,14515,3.77,48.86,0.02,51.12,1304,36638,0.58,1.44,3.46,6.77,28.72,0.81,571539,9539,26.56
311,SN,CA,8,,Chapayev,9079,158837,17.49,49.67,0.03,50.3,1533,42595,0.59,2.76,4.7,8.36,26.98,0.81,611318,12126,29.86
312,SN,CA,8,,Tallinn,4289,36988,8.62,50.71,0.03,49.26,1517,41115,0.6,4.05,5.03,8.26,26.59,0.82,742469,13792,32.39
313,SN,CA,8,P,Mikhail Kutuzov,3772,23048,6.11,53.96,0.04,46.0,1714,62159,0.8,4.02,6.0,8.78,40.58,1.35,630839,10144,29.74
314,SN,CA,8,P,Ochakov,1519,23303,15.34,49.7,0.02,50.29,1528,37546,0.55,3.7,7.35,7.95,24.76,0.73,617080,13646,34.08
315,SN,CA,8,P,Pyotr Bagration,3168,53121,16.77,50.62,0.03,49.35,1574,43828,0.61,4.67,5.58,6.22,30.15,0.87,815992,13276,35.86
316,SN,CA,9,,Dmitri Donskoi,11741,251581,21.43,50.06,0.01,49.93,1573,56543,0.64,1.84,5.03,9.49,36.6,1.01,905456,17610,34.49
317,SN,CA,9,,Riga,1678,25250,15.05,51.44,0.02,48.55,1674,54081,0.68,2.26,6.18,7.54,34.12,1.03,1092448,20446,38.97
318,SN,CA,9,P,Kronshtadt,3970,31510,7.94,56.04,0.02,43.94,1775,67564,0.83,1.53,5.97,7.22,41.59,1.42,1210408,22169,31.94
319,SN,CA,10,,Alexander Nevsky,4528,46409,10.25,51.1,0.01,48.88,1889,79381,0.76,3.16,4.46,10.34,42.73,1.33,1141029,24763,35.38
320,SN,CA,10,P,Moskva,16030,212348,13.25,50.12,0.02,49.86,1677,66514,0.63,3.09,4.33,7.19,33.59,0.95,1340150,21987,37.03
321,SN,CA,10,,Petropavlovsk,175,1946,11.12,64.9,0.0,35.1,2332,98723,1.21,5.88,7.96,9.78,49.38,2.39,1573160,29280,42.31
322,SN,CA,10,P,Smolensk,15985,308579,19.3,48.43,0.02,51.56,1701,73994,0.75,3.1,7.89,7.79,36.64,1.18,798242,14325,29.55
323,SN,CA,10,P,Stalingrad,4209,74465,17.69,57.55,0.02,42.43,2038,90288,0.98,4.37,4.94,6.23,39.99,1.63,1445950,24749,38.53
324,SN,DD,2,,Storozhevoi,4182,13509,3.23,50.72,0.8,48.48,681,15814,1.02,0.0,6.43,4.77,25.3,1.37,147970,2163,43.96
325,SN,DD,3,,Derzki,5865,29266,4.99,50.33,0.53,49.14,704,16803,0.83,0.02,11.93,3.56,16.53,0.99,191213,3750,44.4
326,SN,DD,4,,Izyaslav,4801,26825,5.59,49.1,0.64,50.26,736,17860,0.74,0.31,12.81,4.51,15.29,0.87,222124,4828,44.0
327,SN,DD,5,,Gnevny (old),7,248,35.43,49.6,0.0,50.4,922,22324,0.77,0.23,4.08,1.36,21.77,0.98,89018,1811,44.0
328,SN,DD,5,,Podvoisky,5182,36288,7.0,48.36,0.05,51.59,937,16514,0.52,0.88,14.86,4.58,14.76,0.61,300501,9491,44.34
329,SN,DD,5,P,Gremyashchy,1753,10416,5.94,62.16,0.09,37.75,1528,35305,1.18,1.61,26.11,9.3,41.5,2.02,336011,14619,47.56
330,SN,DD,5,P,Okhotnik,4045,22221,5.49,53.94,0.05,46.01,1054,23434,0.85,0.1,18.68,4.68,19.53,1.06,282890,10524,48.46
331,SN,DD,6,,Gnevny,4557,31453,6.9,48.82,0.04,51.14,1119,19427,0.54,1.0,19.57,5.9,20.42,0.68,367084,12509,44.78
332,SN,DD,6,,Ognevoi (old),6,195,32.5,53.85,0.0,46.15,1116,21467,0.6,0.18,25.28,4.54,20.0,0.75,380042,10923,45.36
333,SN,DD,7,,Kiev (old),7,232,33.14,50.0,0.0,50.0,1338,34297,0.69,0.34,20.45,8.94,27.16,0.95,342945,9920,37.64
334,SN,DD,7,,Minsk,3421,34451,10.07,50.61,0.07,49.33,1288,25653,0.6,1.0,23.02,6.68,23.12,0.78,435951,15255,44.41
335,SN,DD,7,P,Leningrad,4808,22321,4.64,50.24,0.01,49.75,1214,23817,0.59,0.94,22.41,5.3,24.15,0.78,406344,16120,44.07
336,SN,DD,8,,Kiev,2914,27843,9.55,49.32,0.02,50.66,1439,31727,0.58,1.77,21.93,7.09,24.28,0.77,537513,19205,43.09
337,SN,DD,8,,Ognevoi,3073,29915,9.73,50.35,0.03,49.62,1536,28866,0.6,2.23,28.35,6.64,29.89,0.86,468038,23126,47.33
338,SN,DD,8,,Tashkent (old),3,227,75.67,49.78,0.0,50.22,1408,29789,0.62,0.26,28.03,8.52,27.75,0.86,654213,20383,40.17
339,SN,DD,9,,Tashkent,2009,25300,12.59,47.88,0.03,52.09,1631,42365,0.62,1.39,20.71,8.12,30.02,0.89,684180,23682,42.01
340,SN,DD,9,,Udaloi,1938,26174,13.51,49.95,0.01,50.04,1581,42226,0.72,1.67,28.91,8.74,31.58,1.05,622199,24915,45.9
341,SN,DD,9,P,Neustrashimy,169,2538,15.02,55.91,0.0,44.09,1828,46448,0.97,2.4,40.01,8.21,43.85,1.73,595326,35425,48.32
342,SN,DD,10,,Grozovoi,4021,42666,10.61,50.14,0.02,49.84,1633,41538,0.65,3.66,32.93,7.39,31.92,0.95,630262,34110,44.82
343,SN,DD,10,,Khabarovsk,3204,30514,9.52,51.48,0.01,48.51,1677,53952,0.67,2.71,20.28,8.07,34.51,1.02,932311,32405,42.35
344,US,BB,3,,South Carolina,29202,143143,4.9,47.23,0.27,52.5,764,28569,1.01,0.03,5.2,12.21,39.37,1.67,360110,2407,31.85
345,US,BB,4,,Wyoming,29623,223370,7.54,48.61,0.23,51.16,797,34480,0.91,3.37,4.72,9.97,38.96,1.49,473286,3536,25.31
346,US,BB,4,P,Arkansas Beta,2683,9533,3.55,58.37,0.18,41.46,964,46421,1.31,0.0,4.94,7.67,39.58,2.17,505025,4530,25.84
347,US,BB,5,,New York,31047,298080,9.6,47.66,0.07,52.27,944,28669,0.51,1.42,2.26,3.76,34.32,0.78,658126,7798,21.85
348,US,BB,5,P,Texas,14726,97851,6.64,52.79,0.07,47.14,1228,38876,0.76,3.95,3.4,4.39,38.26,1.23,712980,8834,25.5
349,US,BB,6,,New Mexico,25721,310652,12.08,48.54,0.07,51.39,1081,35710,0.61,2.34,2.87,3.99,36.81,0.97,792246,9431,22.56
350,US,BB,6,P,Arizona,15530,60710,3.91,50.66,0.05,49.29,1156,38579,0.68,1.75,3.15,3.93,36.8,1.08,850436,10221,24.67
351,US,BB,6,P,W. Virginia 1941,6165,34074,5.53,53.57,0.07,46.36,1304,49459,0.84,1.71,3.18,4.03,37.53,1.34,838382,9533,25.73
352,US,BB,7,,Colorado,18512,264515,14.29,47.88,0.04,52.08,1182,41623,0.57,2.0,2.31,3.74,37.32,0.91,882095,10825,24.24
353,US,BB,7,P,California,4,66,16.5,62.12,0.0,37.88,1895,63820,1.15,2.29,5.08,6.94,51.52,2.37,927099,12023,28.04
354,US,BB,8,,North Carolina,21343,373996,17.52,46.71,0.03,53.27,1268,46894,0.57,4.35,2.94,3.3,32.96,0.85,1008767,13266,24.18
355,US,BB,8,P,Alabama,8761,69508,7.93,49.27,0.03,50.7,1480,52623,0.68,5.14,3.85,3.54,34.98,1.05,1098943,14826,25.36
356,US,BB,8,P,Alabama ST,49,348,7.1,59.77,0.0,40.23,2012,75773,1.03,6.64,7.19,4.15,41.38,1.76,1211835,18036,30.04
357,US,BB,8,P,Massachusetts,17272,306835,17.76,53.53,0.03,46.44,1610,62635,0.87,5.8,4.79,5.09,33.58,1.31,1227054,15981,26.7
358,US,BB,8,P,Massachusetts B,4264,62005,14.54,56.59,0.02,43.39,1752,71106,1.03,6.22,5.75,5.57,35.94,1.61,1271461,16621,28.05
359,US,BB,9,,Iowa,16021,296225,18.49,46.4,0.01,53.58,1305,56337,0.6,2.34,3.01,3.36,32.98,0.9,1213208,17046,27.8
360,US,BB,9,P,Georgia,15050,276199,18.35,52.56,0.02,47.42,1565,75064,0.89,2.83,4.3,4.65,30.55,1.28,1332117,19310,34.85
361,US,BB,9,P,Missouri,7989,83564,10.46,53.17,0.01,46.82,1770,71452,0.87,2.76,4.68,4.6,34.65,1.33,1299505,20370,31.38
362,US,BB,10,,Montana,19034,344252,18.09,48.69,0.01,51.29,1642,73094,0.69,3.51,2.68,3.46,37.4,1.1,1580779,21337,26.36
363,US,BB,10,P,Ohio,2314,49972,21.6,55.79,0.02,44.19,1961,95009,1.0,4.3,3.81,4.54,35.99,1.56,1745366,23606,31.31
364,US,CA,1,,Erie,24843,67362,2.71,46.92,1.41,51.67,851,12973,2.33,0.0,2.84,12.97,40.49,3.92,85573,432,48.27
365,US,CA,2,,Chester,36806,102888,2.8,47.77,1.02,51.21,689,19054,1.15,0.0,3.55,11.49,33.52,1.73,213662,1354,49.7
366,US,CA,2,P,Albany,2765,7510,2.72,54.09,0.16,45.75,708,16621,0.86,0.0,4.79,9.63,34.98,1.32,213297,2570,43.31
367,US,CA,3,,St. Louis,40799,191360,4.69,50.93,0.63,48.44,751,25352,1.05,0.03,6.25,13.1,33.49,1.58,328773,2796,39.61
368,US,CA,3,P,Charleston,22864,154867,6.77,50.02,0.35,49.64,630,21619,0.84,0.04,5.21,10.65,31.26,1.22,325171,3060,34.1
369,US,CA,4,,Phoenix,26256,170531,6.49,48.16,0.99,50.85,756,20629,0.69,1.19,5.01,6.76,18.52,0.85,330260,3789,34.97
370,US,CA,5,,Omaha,29572,312180,10.56,49.05,0.06,50.89,889,17750,0.41,1.12,3.34,4.41,15.81,0.49,435525,7203,27.05
371,US,CA,5,P,Marblehead,9825,42719,4.35,50.04,0.06,49.9,902,20292,0.47,0.44,3.71,4.89,17.14,0.57,447796,7610,29.27
372,US,CA,5,P,Marblehead Lima,1082,8101,7.49,52.7,0.07,47.23,1058,23407,0.55,0.41,3.99,5.56,18.47,0.67,450609,7683,30.64
373,US,CA,6,,Cleveland (old),18,1346,74.78,52.9,2.08,45.02,1029,31750,0.76,3.07,2.38,3.01,30.39,1.09,268091,5414,24.92
374,US,CA,6,,Dallas,12880,137371,10.67,49.41,0.05,50.54,1030,24652,0.51,3.58,5.09,5.94,25.0,0.68,524365,9289,27.92
375,US,CA,6,,Pensacola,19876,196883,9.91,48.92,0.05,51.03,988,24272,0.47,2.97,3.74,4.38,22.99,0.61,549182,8809,29.19
376,US,CA,7,,Helena,8870,122033,13.76,49.53,0.04,50.42,1214,33844,0.6,2.71,5.2,6.17,26.12,0.81,548255,10123,27.4
377,US,CA,7,,New Orleans,14719,175505,11.92,48.56,0.04,51.4,1164,31300,0.52,2.36,4.82,5.35,26.25,0.71,600605,10377,30.84
378,US,CA,7,,Pensacola (old),13,662,50.92,51.66,0.15,48.19,1183,34545,0.66,1.26,3.61,3.54,25.38,0.88,384690,8425,30.1
379,US,CA,7,P,Atlanta,14059,117642,8.37,50.27,0.04,49.69,1414,30996,0.66,3.22,7.0,6.48,23.95,0.87,477176,10279,25.86
380,US,CA,7,P,Boise,1965,10536,5.36,51.47,0.02,48.51,1313,33037,0.6,2.42,5.69,6.45,29.39,0.85,644848,11178,30.74
381,US,CA,7,P,Flint,1866,12886,6.91,54.94,0.03,45.03,1622,44405,0.9,3.8,12.8,7.51,32.03,1.32,469745,9964,31.44
382,US,CA,7,P,Indianapolis,4043,17345,4.29,50.22,0.04,49.74,1290,30835,0.53,2.0,4.71,6.21,24.17,0.7,578492,10625,31.32
383,US,CA,8,,Baltimore,13777,203203,14.75,49.56,0.03,50.42,1340,36522,0.54,4.16,5.64,6.15,24.89,0.72,678106,13103,32.49
384,US,CA,8,,Cleveland,21290,234429,11.01,49.25,0.03,50.72,1324,38940,0.56,4.01,5.63,6.78,26.13,0.76,637606,12211,27.34
385,US,CA,8,,New Orleans (old),10,574,57.4,49.3,0.0,50.7,1270,34982,0.55,1.32,3.42,3.53,23.0,0.71,414613,8674,33.17
386,US,CA,8,P,AL Montpelier,668,3696,5.53,55.38,0.0,44.62,1628,46028,0.73,5.47,8.27,8.65,31.03,1.06,657979,14247,29.67
387,US,CA,8,P,Wichita,1885,15720,8.34,51.55,0.04,48.41,1525,40508,0.63,3.95,7.0,6.7,29.78,0.9,725607,14443,33.84
388,US,CA,9,,Baltimore (old),6,344,57.33,47.09,0.0,52.91,1294,40647,0.52,1.53,2.59,3.33,38.08,0.84,570764,10258,31.58
389,US,CA,9,,Buffalo,9032,158279,17.52,47.41,0.02,52.57,1349,44928,0.54,1.94,5.4,6.52,27.96,0.75,804526,15758,32.17
390,US,CA,9,,Seattle,7947,122347,15.4,47.51,0.01,52.48,1356,44879,0.54,2.49,6.4,7.61,31.1,0.78,791516,15462,28.77
391,US,CA,9,,Alaska,13430,211371,15.74,53.88,0.01,46.11,1637,63967,0.79,2.35,6.06,5.96,37.12,1.26,1145978,20183,33.21
392,US,CA,9,P,Alaska B,2399,26527,11.06,54.02,0.02,45.96,1683,64547,0.8,2.34,6.19,5.93,36.25,1.25,1161195,20629,33.44
393,US,CA,10,,Des Moines,19103,339186,17.76,50.88,0.02,49.1,1785,64483,0.76,3.32,7.27,6.93,30.69,1.1,1011654,20390,32.44
394,US,CA,10,P,Puerto Rico,5559,64929,11.68,50.32,0.02,49.67,1689,63125,0.64,3.52,4.54,4.88,33.86,0.97,1397579,23244,28.23
395,US,CA,10,P,Salem,5507,74927,13.61,48.62,0.03,51.35,1537,61886,0.69,3.36,6.44,5.73,28.19,0.96,1065917,17770,31.87
396,US,CA,10,,Worcester,11922,149896,12.57,48.42,0.01,51.56,1612,61039,0.65,4.06,6.74,7.57,34.17,0.99,925147,18025,24.76
397,US,CV,4,,Langley,31723,302746,9.54,48.75,0.13,51.12,678,24287,0.61,3.47,0.51,11.1,53.62,1.32,139149,10604,0.0
398,US,CV,4,,Langley (old),22,412,18.73,52.43,2.18,45.39,819,35268,0.74,10.26,0.02,2.63,54.61,1.63,74576,12699,0.0
399,US,CV,5,,Bogue (old),17,289,17.0,48.44,3.11,48.44,884,22507,0.49,18.63,0.01,0.76,53.98,1.06,49663,7268,0.0
400,US,CV,6,,Independence (old),8,272,34.0,42.28,4.04,53.68,1066,34420,0.75,15.33,0.0,2.46,63.24,2.04,94736,20649,0.0
401,US,CV,6,,Ranger,17616,225913,12.82,47.95,0.06,52.0,1096,31429,0.59,3.43,0.34,10.19,58.32,1.42,180544,23642,0.0
402,US,CV,7,,Ranger (old),7,286,40.86,37.06,9.09,53.85,1013,41786,0.8,20.4,0.0,1.59,52.45,1.68,68083,15078,0.0
403,US,CV,7,P,Saipan (old),9,473,52.56,52.64,0.21,47.15,1647,51798,0.92,28.34,0.88,4.57,78.01,4.18,121421,44317,0.0
404,US,CV,8,P,Enterprise (old),5,131,26.2,64.89,0.0,35.11,1857,77619,1.49,21.08,0.07,4.85,87.02,11.48,137364,98962,0.0
405,US,CV,8,,Lexington,9184,180643,19.67,48.61,0.03,51.36,1469,51371,0.77,4.37,0.45,11.21,68.71,2.46,229165,38833,0.0
406,US,CV,8,,Lexington (old),3,156,52.0,42.95,7.69,49.36,1097,49537,0.77,26.15,0.0,0.51,55.13,1.72,51621,9531,0.0
407,US,CV,8,P,Enterprise,2956,31759,10.74,58.12,0.04,41.84,1977,67928,1.23,6.21,0.91,15.05,77.82,5.55,219865,45006,0.0
408,US,CV,8,P,Saipan,2709,22342,8.25,48.34,0.07,51.59,1527,52896,0.76,3.97,0.6,10.47,72.43,2.76,205601,38486,0.0
409,US,CV,9,,Essex (old),3,230,76.67,50.0,1.74,48.26,1183,92592,1.29,16.59,0.0,1.15,65.22,3.71,38339,10341,0.0
410,US,CV,10,,Midway,6013,108854,18.1,48.63,0.01,51.36,1742,76747,0.89,5.01,0.56,12.53,73.47,3.35,316008,66210,0.0
411,US,CV,10,,Midway (old),3,159,53.0,49.69,0.63,49.69,1986,141047,1.82,13.21,0.09,3.82,83.02,10.72,189645,84793,0.0
412,US,DD,2,,Sampson,22472,68042,3.03,49.58,1.5,48.92,705,19562,1.23,0.0,4.27,5.82,26.6,1.68,169439,1738,49.35
413,US,DD,2,P,Smith,24391,84570,3.47,44.91,1.75,53.34,664,15846,0.99,0.0,3.87,5.24,22.86,1.28,159697,1591,47.78
414,US,DD,3,,Wickes,27328,135130,4.94,48.4,1.57,50.03,694,19152,0.9,0.04,7.82,3.55,15.8,1.07,187710,2953,46.95
415,US,DD,4,,Clemson,32163,260682,8.11,49.51,1.52,48.96,717,21107,0.89,0.13,11.49,3.85,17.27,1.08,230713,4677,45.78
416,US,DD,5,,Nicholas,20765,186895,9.0,47.69,0.06,52.25,817,12662,0.42,1.33,12.93,3.03,13.78,0.49,278413,9589,37.53
417,US,DD,5,P,Hill,1855,8569,4.62,55.29,0.04,44.67,1197,24434,0.8,2.12,21.59,6.23,25.57,1.07,316196,11462,42.41
418,US,DD,6,,Farragut,14179,137144,9.67,48.34,0.05,51.61,972,15403,0.44,1.21,16.71,3.85,17.48,0.53,337822,11032,35.37
419,US,DD,6,P,Monaghan,3389,12885,3.8,51.73,0.09,48.17,1136,21432,0.61,2.28,20.39,3.71,24.91,0.81,357711,14683,39.53
420,US,DD,7,,Mahan,11335,136245,12.02,47.66,0.04,52.31,1182,19248,0.47,0.75,20.59,4.46,19.64,0.58,362664,14433,36.71
421,US,DD,7,P,Sims,5309,34562,6.51,49.87,0.04,50.09,1295,20863,0.51,1.76,23.62,5.46,25.99,0.69,393913,16906,36.27
422,US,DD,7,P,Sims B,1243,5782,4.65,51.75,0.02,48.24,1429,22976,0.56,1.82,26.41,6.2,26.6,0.76,394746,17326,38.93
423,US,DD,8,,Benson,9704,145239,14.97,47.61,0.03,52.35,1277,23184,0.49,1.87,26.72,4.86,23.05,0.64,417368,19989,39.82
424,US,DD,8,P,Kidd,6516,42243,6.48,50.91,0.03,49.06,1484,25569,0.57,5.11,29.7,6.43,31.44,0.83,505536,21753,39.84
425,US,DD,9,,Fletcher,9276,169258,18.25,47.5,0.01,52.49,1355,32125,0.6,1.39,29.25,5.17,25.95,0.81,420511,25436,38.07
426,US,DD,9,P,Benham,3280,55932,17.05,55.07,0.02,44.91,1781,49828,0.95,0.75,37.24,5.68,40.05,1.58,429640,34999,39.33
427,US,DD,9,P,Black,1902,20520,10.79,54.53,0.01,45.45,1693,41620,0.83,1.45,38.97,8.6,38.59,1.35,443276,31963,40.86
428,US,DD,10,,Gearing,12716,244418,19.22,48.06,0.02,51.92,1465,37903,0.55,1.78,28.72,4.61,26.6,0.75,444737,31360,38.1
429,US,DD,10,P,Somers,1387,25161,18.14,54.49,0.01,45.5,1765,56785,0.84,0.15,38.85,5.76,43.2,1.48,459388,44623,41.94
